"CustomerID","TotalSales","Frequency","AverageOrderValue","LifeSpan","CLV"
12346,0.0,2,0.0,1,0.0
12347,1191.68,4,297.92,50,59584.0
12348,1723.9200000000005,3,574.6400000000002,1,1723.9200000000005
12356,2585.12,4,646.28,1,2585.12
12370,4965.449999999999,12,413.7874999999999,47,233376.14999999994
12377,1724.0499999999997,3,574.6833333333333,32,55169.59999999999
12383,1790.1100000000001,6,298.3516666666667,46,82345.06000000001
12386,587.6,3,195.86666666666667,29,17040.4
12388,11.9,1,11.9,1,11.9
12393,1000.0,4,250.0,3,3000.0
12395,807.66,7,115.38,48,38767.68
12402,327.0,2,163.5,1,327.0
12413,252.45,3,84.14999999999999,29,7321.049999999999
12415,10209.300000000003,3,3403.100000000001,4,40837.20000000001
12417,598.59,5,119.718,54,32323.86
12421,157.63,2,78.815,1,157.63
12422,194.7,1,194.7,34,6619.799999999999
12423,45.0,1,45.0,1,45.0
12427,610.1500000000001,3,203.38333333333335,53,32337.950000000004
12429,741.0,2,370.5,31,22971.0
12431,1438.55,5,287.71,16,23016.8
12433,4688.499999999995,9,520.9444444444439,7,32819.49999999996
12434,-5.749999999999999,1,-5.749999999999999,33,-189.74999999999997
12437,783.5,3,261.1666666666667,33,25855.5
12441,90.50000000000001,1,90.50000000000001,1,90.50000000000001
12451,3077.169999999999,5,615.4339999999999,34,104623.77999999997
12468,152.49,2,76.245,22,3354.78
12471,1117.94,11,101.6309090909091,56,62604.64
12472,3260.8400000000015,6,543.4733333333336,52,169563.68000000008
12474,896.1000000000003,6,149.35000000000005,44,39428.400000000016
12476,12.45,1,12.45,1,12.45
12480,51.300000000000004,2,25.650000000000002,30,1539.0000000000002
12481,913.7499999999998,5,182.74999999999994,47,42946.24999999999
12483,587.15,3,195.71666666666667,29,17027.35
12484,1311.51,8,163.93875,30,39345.3
12489,321.28,2,160.64,1,321.28
12490,1249.22,3,416.4066666666667,1,1249.22
12494,844.1,4,211.025,24,20258.4
12500,344.94,1,344.94,1,344.94
12501,2012.59,2,1006.295,30,60377.7
12510,198.07000000000002,2,99.03500000000001,1,198.07000000000002
12515,656.1,2,328.05,1,656.1
12527,142.83000000000004,1,142.83000000000004,34,4856.220000000001
12530,397.6,2,198.8,1,397.6
12539,3974.099999999997,8,496.76249999999965,49,194730.89999999985
12540,2442.96,4,610.74,27,65959.92
12551,251.4,3,83.8,15,3770.9999999999995
12553,572.1700000000001,2,286.08500000000004,32,18309.440000000002
12557,2328.56,3,776.1866666666666,39,90813.84
12559,261.85,2,130.925,35,9164.75
12567,1350.44,5,270.088,31,41863.64
12577,205.93999999999994,3,68.64666666666665,1,205.93999999999994
12578,2174.83,8,271.85375,45,97867.34999999999
12583,1212.28,5,242.456,37,44854.36
12585,1506.5500000000004,6,251.09166666666673,50,75327.50000000001
12591,607.1,2,303.55,1,607.1
12594,305.6,2,152.8,1,305.6
12600,396.6,2,198.3,1,396.6
12601,252.27999999999997,2,126.13999999999999,1,252.27999999999997
12609,126.27,2,63.135,1,126.27
12621,2964.18,6,494.03,8,23713.44
12625,634.4600000000002,1,634.4600000000002,34,21571.640000000007
12626,1746.7999999999995,6,291.13333333333327,44,76859.19999999998
12637,941.8900000000001,2,470.94500000000005,34,32024.260000000002
12643,871.1999999999999,1,871.1999999999999,1,871.1999999999999
12645,180.89999999999998,2,90.44999999999999,1,180.89999999999998
12647,890.6999999999998,5,178.13999999999996,12,10688.399999999998
12649,-19.799999999999997,1,-19.799999999999997,1,-19.799999999999997
12651,48.45,1,48.45,1,48.45
12652,786.0199999999999,3,262.0066666666666,33,25938.659999999993
12662,522.96,2,261.48,1,522.96
12666,-136.0,1,-136.0,1,-136.0
12668,243.41,3,81.13666666666667,14,3407.7400000000002
12672,304.8,2,152.4,1,304.8
12673,306.3999999999999,3,102.13333333333331,1,306.3999999999999
12678,328.43999999999994,4,82.10999999999999,1,328.43999999999994
12681,6273.3600000000015,19,330.17684210526323,51,319941.3600000001
12682,-5311.460000000001,9,-590.1622222222223,38,-201835.48000000004
12683,1697.5300000000002,7,242.50428571428574,39,66203.67000000001
12686,107.13999999999999,2,53.56999999999999,1,107.13999999999999
12691,663.0,4,165.75,38,25194.0
12693,34.7,1,34.7,1,34.7
12705,1599.23,4,399.8075,14,22389.22
12708,434.43999999999994,5,86.88799999999999,39,16943.159999999996
12709,2922.8900000000003,8,365.36125000000004,48,140298.72000000003
12712,738.6,4,184.65,40,29544.0
12720,762.6299999999998,6,127.10499999999996,15,11439.449999999997
12721,407.35000000000014,4,101.83750000000003,15,6110.250000000002
12724,15.8,2,7.9,1,15.8
12725,255.55,2,127.775,1,255.55
12726,227.26999999999998,3,75.75666666666666,33,7499.91
12727,45.0,1,45.0,1,45.0
12728,34.8,2,17.4,1,34.8
12731,1122.9,2,561.45,1,1122.9
12734,331.2,3,110.39999999999999,1,331.2
12738,663.5799999999999,2,331.78999999999996,1,663.5799999999999
12744,1168.8900000000003,5,233.77800000000008,1,1168.8900000000003
12747,783.12,5,156.624,46,36023.52
12748,5326.249999999994,79,67.42088607594928,55,292943.74999999965
12753,1393.63,6,232.27166666666668,31,43202.530000000006
12755,3794.3999999999996,1,3794.3999999999996,1,3794.3999999999996
12763,37.199999999999996,1,37.199999999999996,1,37.199999999999996
12764,1725.9600000000005,5,345.1920000000001,1,1725.9600000000005
12766,1281.8999999999996,6,213.64999999999995,32,41020.79999999999
12779,611.9200000000001,3,203.97333333333336,11,6731.120000000001
12782,1197.9500000000003,5,239.59000000000006,55,65887.25000000001
12785,55.74999999999999,1,55.74999999999999,1,55.74999999999999
12791,20.4,1,20.4,1,20.4
12793,357.68,3,119.22666666666667,1,357.68
12797,223.47,1,223.47,1,223.47
12826,398.28999999999996,4,99.57249999999999,49,19516.21
12829,227.94999999999996,4,56.98749999999999,24,5470.799999999999
12838,501.33999999999986,3,167.1133333333333,13,6517.419999999998
12839,725.4999999999998,8,90.68749999999997,35,25392.499999999993
12841,1067.3399999999997,7,152.4771428571428,47,50164.97999999999
12854,110.55000000000001,4,27.637500000000003,34,3758.7000000000003
12855,51.2,1,51.2,1,51.2
12867,378.18000000000006,5,75.63600000000001,47,17774.460000000003
12868,555.1300000000001,4,138.78250000000003,7,3885.9100000000008
12872,397.53999999999996,5,79.508,5,1987.6999999999998
12875,2.04,1,2.04,1,2.04
12877,413.05999999999995,8,51.63249999999999,47,19413.819999999996
12913,14.790000000000001,1,14.790000000000001,1,14.790000000000001
12915,0.85,1,0.85,1,0.85
12916,618.65,2,309.325,1,618.65
12921,1766.1000000000001,8,220.76250000000002,57,100667.70000000001
12924,58.190000000000005,1,58.190000000000005,1,58.190000000000005
12928,521.64,4,130.41,48,25038.72
12931,465.0,4,116.25,1,465.0
12935,39.6,1,39.6,1,39.6
12939,1770.4799999999998,1,1770.4799999999998,31,54884.87999999999
12944,228.59999999999997,3,76.19999999999999,15,3428.9999999999995
12947,720.9300000000002,3,240.31000000000006,37,26674.410000000007
12951,284.78000000000003,3,94.92666666666668,32,9112.960000000001
12957,722.9300000000002,5,144.58600000000004,22,15904.460000000005
12963,8.8,1,8.8,1,8.8
12967,1695.7,4,423.925,13,22044.100000000002
12970,32.25,3,10.75,1,32.25
12971,812.35,11,73.85000000000001,49,39805.15000000001
12980,1611.24,2,805.62,27,43503.48
12997,497.5999999999999,2,248.79999999999995,1,497.5999999999999
13000,7.5,1,7.5,1,7.5
13001,604.38,2,302.19,34,20548.92
13004,1175.4699999999998,6,195.91166666666663,41,48194.26999999999
13008,382.61,2,191.305,34,13008.74
13011,25.2,1,25.2,1,25.2
13013,1489.9900000000007,3,496.6633333333336,14,20859.860000000008
13021,157.35,1,157.35,1,157.35
13027,1440.0,2,720.0,1,1440.0
13029,382.5,1,382.5,1,382.5
13030,178.15,3,59.38333333333333,17,3028.55
13033,948.0,5,189.6,47,44556.0
13034,165.86,1,165.86,1,165.86
13047,50.4,1,50.4,1,50.4
13048,229.18000000000004,2,114.59000000000002,33,7562.940000000001
13049,101.35000000000001,1,101.35000000000001,33,3344.55
13050,1652.7999999999997,16,103.29999999999998,53,87598.39999999998
13064,49.2,2,24.6,33,1623.6000000000001
13065,49.95,1,49.95,1,49.95
13068,330.0,2,165.0,1,330.0
13069,1078.1700000000003,8,134.77125000000004,40,43126.80000000001
13077,67.1,2,33.55,30,2012.9999999999998
13078,181.35000000000002,5,36.27,25,4533.750000000001
13081,3987.009999999997,15,265.8006666666665,34,135558.3399999999
13089,12390.05000000001,48,258.1260416666669,57,706232.8500000006
13090,15.0,1,15.0,1,15.0
13092,600.35,3,200.11666666666667,14,8404.9
13093,8471.480000000001,14,605.1057142857144,48,406631.04000000004
13094,32.0,2,16.0,51,1632.0
13097,1241.1100000000001,3,413.7033333333334,23,28545.530000000002
13098,753.17,2,376.585,22,16569.739999999998
13102,1030.0599999999997,12,85.83833333333331,39,40172.33999999999
13104,101.76,1,101.76,1,101.76
13107,228.81999999999996,4,57.20499999999999,36,8237.519999999999
13108,19.299999999999997,1,19.299999999999997,1,19.299999999999997
13113,879.5199999999999,8,109.93999999999998,49,43096.479999999996
13115,-2.95,2,-1.475,29,-85.55000000000001
13117,601.7900000000001,3,200.5966666666667,46,27682.340000000004
13124,2338.1800000000003,6,389.6966666666667,33,77159.94
13126,880.96,5,176.192,51,44928.96
13138,587.4,2,293.7,14,8223.6
13140,84.33999999999999,1,84.33999999999999,1,84.33999999999999
13144,110.94999999999999,1,110.94999999999999,1,110.94999999999999
13145,1770.0,1,1770.0,1,1770.0
13148,252.20000000000002,3,84.06666666666668,1,252.20000000000005
13155,228.70999999999992,3,76.23666666666664,17,3888.069999999999
13162,727.6900000000003,3,242.56333333333342,32,23286.08000000001
13165,162.62,4,40.655,51,8293.62
13168,781.65,3,260.55,33,25794.450000000004
13173,48.9,2,24.45,1,48.9
13174,2432.64,11,221.1490909090909,53,128929.92
13178,1078.01,6,179.66833333333332,13,14014.13
13183,40.25,4,10.0625,1,40.25
13187,258.36,1,258.36,29,7492.4400000000005
13198,956.9900000000005,7,136.71285714285722,43,41150.57000000002
13199,657.71,6,109.61833333333334,22,14469.62
13209,258.55,3,86.18333333333334,35,9049.25
13211,103.45,2,51.725,1,103.45
13221,909.17,3,303.0566666666667,1,909.1700000000001
13225,495.84000000000003,2,247.92000000000002,8,3966.7200000000003
13230,21.15,4,5.2875,45,951.7499999999999
13233,48.0,1,48.0,1,48.0
13238,194.35,2,97.175,47,9134.449999999999
13240,86.52,1,86.52,1,86.52
13246,1197.64,4,299.41,31,37126.840000000004
13253,944.11,8,118.01375,1,944.11
13255,225.7,2,112.85,1,225.7
13263,402.19000000000005,3,134.06333333333336,1,402.19000000000005
13267,1504.49,7,214.92714285714285,45,67702.05
13269,568.98,4,142.245,6,3413.88
13270,590.0,1,590.0,1,590.0
13280,224.06000000000003,2,112.03000000000002,50,11203.000000000002
13284,211.5,2,105.75,32,6768.0
13295,184.70000000000005,2,92.35000000000002,1,184.70000000000005
13304,371.81999999999994,3,123.93999999999998,1,371.81999999999994
13305,100.79999999999998,1,100.79999999999998,14,1411.1999999999998
13310,706.9099999999997,3,235.63666666666657,1,706.9099999999997
13313,516.4,5,103.28,1,516.4
13317,399.45,3,133.15,1,399.45000000000005
13319,3372.5600000000004,12,281.0466666666667,49,165255.44000000003
13324,650.1,1,650.1,1,650.1
13327,862.1999999999999,3,287.4,32,27590.399999999998
13328,2191.8,2,1095.9,22,48219.600000000006
13329,584.6999999999999,3,194.89999999999998,6,3508.2
13368,35.400000000000006,1,35.400000000000006,1,35.400000000000006
13369,414.61999999999995,4,103.65499999999999,50,20730.999999999996
13370,1169.1200000000006,2,584.5600000000003,1,1169.1200000000006
13385,726.6900000000002,4,181.67250000000004,1,726.6900000000002
13396,239.32000000000005,1,239.32000000000005,34,8136.880000000002
13397,612.19,3,204.06333333333336,1,612.19
13402,433.7099999999999,3,144.56999999999996,1,433.7099999999999
13405,160.05,1,160.05,1,160.05
13408,4661.55,13,358.58076923076925,54,251723.7
13418,1704.2600000000002,7,243.4657142857143,40,68170.40000000001
13426,758.9299999999995,6,126.48833333333324,23,17455.38999999999
13448,843.76,4,210.94,42,35437.92
13451,304.09000000000003,2,152.04500000000002,1,304.09000000000003
13455,996.09,3,332.03000000000003,30,29882.700000000004
13458,3152.729999999999,6,525.4549999999998,48,151331.03999999992
13468,1290.1900000000003,8,161.27375000000004,55,70960.45000000001
13473,314.84000000000003,2,157.42000000000002,32,10074.880000000001
13481,-4.25,1,-4.25,1,-4.25
13487,575.3000000000001,3,191.76666666666668,1,575.3000000000001
13488,2311.2400000000007,5,462.24800000000016,36,83204.64000000003
13491,815.3299999999998,7,116.47571428571426,55,44843.14999999999
13495,1570.36,5,314.072,9,14133.240000000002
13496,604.56,5,120.91199999999999,49,29623.44
13497,1541.2,2,770.6,1,1541.2
13506,317.96999999999997,3,105.99,53,16852.41
13520,2165.94,5,433.188,47,101799.18000000001
13523,319.65000000000003,3,106.55000000000001,30,9589.500000000002
13531,61.050000000000004,1,61.050000000000004,1,61.050000000000004
13534,613.13,8,76.64125,50,30656.5
13564,1837.5600000000009,7,262.50857142857154,29,53289.24000000003
13565,211.85999999999996,4,52.96499999999999,1,211.85999999999996
13569,22.910000000000004,2,11.455000000000002,1,22.910000000000004
13576,524.13,3,174.71,36,18868.68
13579,164.7,1,164.7,1,164.7
13593,869.7100000000003,2,434.85500000000013,30,26091.300000000007
13599,700.62,7,100.08857142857143,37,25922.94
13611,295.35,3,98.45,1,295.35
13614,377.6,2,188.8,1,377.6
13615,11.7,1,11.7,1,11.7
13627,587.92,4,146.98,1,587.92
13629,679.8,2,339.9,1,679.8
13634,97.95000000000002,2,48.97500000000001,1,97.95000000000002
13649,198.89999999999998,1,198.89999999999998,1,198.89999999999998
13652,128.7,2,64.35,1,128.7
13656,110.81,2,55.405,1,110.81
13659,480.9899999999999,2,240.49499999999995,34,16353.659999999996
13668,482.12999999999994,9,53.56999999999999,28,13499.639999999998
13672,-47.28,2,-23.64,1,-47.28
13680,4556.44,7,650.92,30,136693.19999999998
13693,106.95000000000002,1,106.95000000000002,33,3529.3500000000004
13694,5299.84,14,378.56,57,302090.88
13700,370.14000000000004,3,123.38000000000001,34,12584.760000000002
13703,59.699999999999996,1,59.699999999999996,1,59.699999999999996
13705,636.28,2,318.14,1,636.28
13715,1948.5400000000002,13,149.88769230769233,25,48713.50000000001
13742,887.7600000000004,4,221.9400000000001,34,30183.840000000015
13747,159.2,2,79.6,1,159.2
13748,408.0,2,204.0,1,408.0
13750,650.88,2,325.44,1,650.88
13754,286.19999999999993,2,143.09999999999997,1,286.19999999999993
13756,965.23,5,193.046,35,33783.05
13758,1013.9999999999998,6,168.99999999999997,8,8111.999999999998
13764,586.0399999999998,6,97.6733333333333,30,17581.199999999997
13767,3968.960000000003,16,248.0600000000002,47,186541.12000000014
13769,381.52000000000004,2,190.76000000000002,41,15642.320000000002
13777,3502.5700000000006,13,269.4284615384616,57,199646.49000000005
13782,934.3900000000002,4,233.59750000000005,34,31769.260000000006
13786,155.55,1,155.55,1,155.55
13787,136.4,2,68.2,1,136.4
13798,7336.580000000001,13,564.3523076923077,48,352155.83999999997
13807,88.6,1,88.6,30,2658.0
13815,678.88,2,339.44,1,678.88
13817,229.49999999999994,2,114.74999999999997,1,229.49999999999994
13829,-102.0,1,-102.0,1,-102.0
13831,408.0,1,408.0,1,408.0
13837,132.99999999999997,2,66.49999999999999,1,132.99999999999997
13838,261.22999999999985,2,130.61499999999992,12,3134.7599999999984
13842,943.1900000000002,4,235.79750000000004,30,28295.700000000004
13846,576.9,3,192.29999999999998,1,576.9
13854,1259.3100000000004,9,139.92333333333337,46,57928.26000000002
13859,884.6,3,294.8666666666667,1,884.6
13862,551.4000000000001,4,137.85000000000002,1,551.4000000000001
13869,592.53,4,148.1325,48,28441.44
13874,125.6,3,41.86666666666667,48,6028.799999999999
13880,94.8,1,94.8,1,94.8
13890,280.5,2,140.25,1,280.5
13922,499.05000000000007,3,166.35000000000002,1,499.05000000000007
13929,35.400000000000006,1,35.400000000000006,1,35.400000000000006
13941,17.700000000000003,1,17.700000000000003,1,17.700000000000003
13948,102.0,1,102.0,1,102.0
13953,501.25,2,250.625,1,501.25
13958,636.3000000000001,1,636.3000000000001,15,9544.500000000002
13959,297.54,3,99.18,1,297.54
13963,698.0099999999998,9,77.55666666666664,34,23732.339999999993
13969,814.4099999999999,4,203.60249999999996,43,35019.62999999999
13982,510.9399999999999,4,127.73499999999997,39,19926.659999999996
13983,633.0500000000001,5,126.61000000000001,6,3798.3
13984,194.5,2,97.25,7,1361.5
13993,76.14000000000001,2,38.07000000000001,1,76.14000000000001
13999,552.75,3,184.25,39,21557.25
14001,572.48,2,286.24,1,572.48
14016,973.82,6,162.30333333333334,15,14607.300000000001
14030,627.5999999999999,4,156.89999999999998,1,627.5999999999999
14031,1634.28,5,326.856,8,13074.24
14032,545.3,5,109.05999999999999,29,15813.699999999999
14037,42.29,2,21.145,32,1353.28
14040,413.8999999999999,5,82.77999999999999,48,19867.199999999997
14045,1249.5,4,312.375,36,44982.0
14047,99.20000000000002,4,24.800000000000004,22,2182.4000000000005
14049,960.6899999999998,2,480.3449999999999,34,32663.459999999995
14051,1195.0,6,199.16666666666666,47,56165.0
14057,2003.6599999999999,11,182.15090909090907,47,94172.01999999999
14060,1039.04,8,129.88,55,57147.2
14062,3285.1200000000003,11,298.64727272727276,46,151115.52000000002
14068,205.75000000000003,2,102.87500000000001,1,205.75000000000003
14078,313.29,2,156.645,13,4072.7700000000004
14081,255.71999999999994,2,127.85999999999997,15,3835.7999999999993
14083,474.2199999999998,9,52.69111111111109,52,24659.439999999988
14085,2487.8,13,191.3692307692308,50,124390.00000000001
14088,8789.44,2,4394.72,35,307630.4
14090,152.64000000000001,2,76.32000000000001,1,152.64000000000001
14092,2338.9700000000003,12,194.9141666666667,54,126304.38000000002
14099,1495.8799999999997,6,249.31333333333328,40,59835.19999999998
14107,27.770000000000003,2,13.885000000000002,37,1027.49
14113,423.5,3,141.16666666666666,15,6352.5
14114,322.7799999999999,3,107.5933333333333,1,322.7799999999999
14130,413.75999999999993,2,206.87999999999997,34,14067.839999999998
14135,1634.9700000000003,12,136.24750000000003,41,67033.77
14142,407.57,2,203.785,1,407.57
14146,1825.6399999999999,3,608.5466666666666,34,62071.759999999995
14150,777.5799999999998,3,259.19333333333327,1,777.5799999999998
14156,6452.339999999999,5,1290.4679999999998,42,270998.27999999997
14159,239.41999999999993,2,119.70999999999997,1,239.41999999999993
14161,470.1500000000001,3,156.7166666666667,1,470.1500000000001
14167,202.74999999999997,2,101.37499999999999,1,202.74999999999997
14175,383.69,2,191.845,32,12278.08
14176,83.81000000000002,3,27.93666666666667,12,1005.7200000000003
14180,4428.860000000001,13,340.6815384615385,45,199298.7
14185,34.879999999999995,1,34.879999999999995,1,34.879999999999995
14189,757.53,8,94.69125,52,39391.56
14201,3.3,1,3.3,1,3.3
14209,205.5,2,102.75,1,205.5
14210,902.6600000000002,5,180.53200000000004,55,49646.30000000001
14213,-367.20000000000005,1,-367.20000000000005,1,-367.20000000000005
14215,816.2600000000002,5,163.25200000000004,31,25304.060000000005
14217,312.59999999999997,4,78.14999999999999,4,1250.3999999999999
14220,1236.7800000000002,2,618.3900000000001,48,59365.44000000001
14221,746.4,5,149.28,23,17167.2
14224,345.59999999999985,4,86.39999999999996,34,11750.399999999994
14229,514.52,3,171.50666666666666,3,1543.56
14236,156.2,2,78.1,1,156.2
14237,304.99999999999994,2,152.49999999999997,1,304.99999999999994
14238,221.69999999999996,2,110.84999999999998,1,221.69999999999996
14242,43.5,2,21.75,34,1479.0
14243,899.3500000000005,8,112.41875000000006,40,35974.00000000002
14248,229.07999999999998,2,114.53999999999999,1,229.07999999999998
14256,381.40999999999997,2,190.70499999999998,1,381.40999999999997
14257,332.46,3,110.82,35,11636.099999999999
14258,2537.24,2,1268.62,30,76117.2
14270,164.76000000000002,2,82.38000000000001,33,5437.080000000001
14282,381.5,2,190.75,1,381.5
14290,945.0200000000001,2,472.51000000000005,1,945.0200000000001
14292,-12.15,1,-12.15,1,-12.15
14293,166.01999999999998,2,83.00999999999999,1,166.01999999999998
14298,8367.529999999993,26,321.82807692307665,55,460214.1499999996
14299,779.6399999999999,3,259.87999999999994,35,27287.399999999994
14307,860.5200000000003,5,172.10400000000007,49,42165.48000000002
14309,302.25,4,75.5625,14,4231.5
14312,82.4,1,82.4,1,82.4
14320,393.5199999999999,3,131.17333333333332,42,16527.84
14321,128.16,3,42.72,32,4101.12
14329,2190.7999999999993,4,547.6999999999998,32,70105.59999999998
14334,1071.78,8,133.9725,39,41799.42
14341,238.6,4,59.65,33,7873.8
14344,259.35,3,86.45,10,2593.5
14355,108.10000000000001,2,54.050000000000004,1,108.10000000000001
14373,10.35,1,10.35,1,10.35
14388,552.8000000000001,2,276.40000000000003,14,7739.200000000001
14389,3.75,2,1.875,35,131.25
14390,160.25,2,80.125,14,2243.5
14395,326.53000000000003,4,81.63250000000001,38,12408.140000000001
14396,17.73,1,17.73,1,17.73
14401,447.5,3,149.16666666666666,33,14767.5
14404,436.8299999999999,6,72.80499999999999,42,18346.859999999997
14409,1059.4,5,211.88000000000002,50,52970.00000000001
14413,485.20000000000005,2,242.60000000000002,1,485.20000000000005
14414,217.2,1,217.2,1,217.2
14415,2093.7900000000004,14,149.5564285714286,48,100501.92000000001
14419,23.84,2,11.92,32,762.88
14426,-15.9,3,-5.3,29,-461.09999999999997
14428,2646.8,1,2646.8,33,87344.40000000001
14437,15.15,1,15.15,1,15.15
14439,986.7399999999999,2,493.36999999999995,35,34535.899999999994
14440,888.56,4,222.14,49,43539.439999999995
14441,69.15,2,34.575,43,2973.4500000000003
14442,884.9699999999998,3,294.98999999999995,23,20354.309999999994
14443,318.25000000000006,2,159.12500000000003,1,318.25000000000006
14448,114.9,2,57.45,1,114.9
14449,236.43999999999997,4,59.10999999999999,14,3310.1599999999994
14450,170.06,2,85.03,1,170.06
14462,203.25,2,101.625,29,5894.25
14466,180.0,1,180.0,1,180.0
14472,998.2699999999999,8,124.78374999999998,35,34939.45
14487,68.2,1,68.2,1,68.2
14491,127.2,1,127.2,1,127.2
14496,304.34000000000003,1,304.34000000000003,1,304.34000000000003
14498,529.1999999999999,2,264.59999999999997,32,16934.399999999998
14505,2364.309999999999,10,236.4309999999999,36,85115.15999999996
14506,521.4399999999999,2,260.71999999999997,15,7821.599999999999
14514,458.5499999999999,2,229.27499999999995,1,458.5499999999999
14524,283.19999999999993,3,94.39999999999998,1,283.19999999999993
14525,548.79,3,182.92999999999998,1,548.79
14527,3408.5799999999927,22,154.9354545454542,53,180654.7399999996
14532,667.7999999999997,3,222.5999999999999,1,667.7999999999997
14533,240.11999999999998,3,80.03999999999999,16,3841.9199999999996
14534,312.51,2,156.255,35,10937.85
14541,629.3199999999999,6,104.88666666666666,37,23284.839999999997
14543,387.2,3,129.06666666666666,14,5420.8
14544,850.1199999999999,2,425.05999999999995,32,27203.839999999997
14548,326.4,1,326.4,1,326.4
14553,912.3599999999998,4,228.08999999999995,51,46530.359999999986
14560,432.7699999999999,3,144.25666666666663,41,17743.569999999996
14565,1334.3200000000004,5,266.8640000000001,32,42698.24000000001
14572,297.90000000000003,2,148.95000000000002,33,9830.7
14573,219.14999999999992,3,73.04999999999997,15,3287.2499999999986
14576,35.400000000000006,1,35.400000000000006,1,35.400000000000006
14577,433.1499999999999,2,216.57499999999996,31,13427.649999999998
14587,86.15,2,43.075,33,2842.9500000000003
14589,39.75,1,39.75,1,39.75
14594,113.72,2,56.86,13,1478.36
14606,6609.989999999991,44,150.22704545454525,56,370159.4399999995
14608,204.0,1,204.0,1,204.0
14618,423.59999999999997,2,211.79999999999998,1,423.59999999999997
14621,541.2,3,180.4,1,541.2
14625,534.68,3,178.22666666666666,32,17109.76
14639,91.75,3,30.583333333333332,11,1009.25
14643,598.1599999999999,4,149.53999999999996,19,11365.039999999997
14646,24497.250000000015,20,1224.8625000000006,39,955392.7500000006
14653,231.98000000000002,2,115.99000000000001,22,5103.56
14657,285.94,3,95.31333333333333,34,9721.96
14667,1433.0400000000009,13,110.23384615384622,42,60187.68000000004
14669,1469.5200000000002,7,209.9314285714286,32,47024.64000000001
14672,96.4,2,48.2,30,2892.0
14673,109.80000000000001,1,109.80000000000001,1,109.80000000000001
14679,-2.55,1,-2.55,1,-2.55
14680,4649.3099999999995,10,464.9309999999999,55,255712.04999999996
14684,99.37000000000002,2,49.68500000000001,1,99.37000000000002
14688,946.0,6,157.66666666666666,48,45408.0
14696,777.7999999999998,4,194.44999999999996,48,37334.399999999994
14701,558.8,2,279.4,1,558.8
14702,723.75,5,144.75,31,22436.25
14708,299.21999999999997,2,149.60999999999999,16,4787.5199999999995
14709,655.82,3,218.60666666666668,42,27544.440000000002
14713,857.7799999999997,6,142.96333333333328,49,42031.21999999999
14715,108.9,2,54.45,33,3593.7000000000003
14723,757.5200000000001,7,108.21714285714287,47,35603.44
14729,483.13999999999993,3,161.04666666666665,13,6280.82
14732,266.0,3,88.66666666666667,23,6118.0
14733,2821.7400000000007,9,313.52666666666676,50,141087.00000000003
14735,958.75,6,159.79166666666666,35,33556.25
14737,835.5,3,278.5,1,835.5
14738,178.77,2,89.385,1,178.77
14739,978.6400000000001,4,244.66000000000003,51,49910.64000000001
14741,718.4000000000001,2,359.20000000000005,32,22988.800000000003
14744,412.25,3,137.41666666666666,47,19375.75
14748,417.54999999999995,5,83.50999999999999,15,6263.249999999999
14755,323.66,3,107.88666666666667,1,323.66
14761,115.19999999999999,2,57.599999999999994,1,115.19999999999999
14766,130.10000000000002,3,43.366666666666674,7,910.7000000000002
14769,1075.98,7,153.71142857142857,34,36583.32
14770,437.30000000000007,2,218.65000000000003,1,437.30000000000007
14775,9.649999999999999,1,9.649999999999999,1,9.649999999999999
14777,6.300000000000001,1,6.300000000000001,1,6.300000000000001
14779,327.6599999999999,4,81.91499999999998,35,11468.099999999997
14782,106.8,1,106.8,1,106.8
14794,45.0,1,45.0,1,45.0
14796,591.5,7,84.5,47,27800.5
14800,2320.7899999999995,7,331.5414285714285,38,88190.01999999997
14810,336.1,5,67.22,35,11763.5
14813,691.21,4,172.8025,14,9676.94
14825,338.06000000000006,3,112.68666666666668,1,338.06000000000006
14828,704.4,2,352.2,1,704.4
14829,48.24,3,16.080000000000002,45,2170.8
14841,839.8800000000003,6,139.98000000000005,1,839.8800000000003
14849,1483.4899999999998,11,134.86272727272726,55,81591.94999999998
14850,16.95,1,16.95,1,16.95
14866,103.67999999999999,1,103.67999999999999,1,103.67999999999999
14867,1155.74,3,385.24666666666667,1,1155.74
14871,229.25000000000009,4,57.31250000000002,1,229.25000000000009
14878,695.58,5,139.116,47,32692.260000000002
14896,364.24,3,121.41333333333334,31,11291.44
14898,160.6,4,40.15,31,4978.599999999999
14901,369.44999999999993,5,73.88999999999999,45,16625.249999999996
14907,703.67,6,117.27833333333332,40,28146.8
14911,12785.900000000009,48,266.37291666666687,57,728796.3000000005
14913,510.27,3,170.09,1,510.27
14916,361.29,1,361.29,33,11922.570000000002
14932,29.000000000000004,1,29.000000000000004,1,29.000000000000004
14952,1304.82,2,652.41,1,1304.82
14961,430.54999999999995,2,215.27499999999998,33,14208.149999999998
14970,472.5,2,236.25,1,472.5
14976,310.2,3,103.39999999999999,1,310.2
14978,322.70000000000005,1,322.70000000000005,32,10326.400000000001
14985,518.45,5,103.69000000000001,48,24885.600000000002
15002,274.91999999999996,4,68.72999999999999,1,274.91999999999996
15005,843.5099999999998,9,93.7233333333333,32,26992.319999999992
15012,1091.4699999999998,8,136.43374999999997,13,14189.109999999997
15021,792.8000000000004,5,158.5600000000001,29,22991.20000000001
15023,1288.7000000000007,6,214.78333333333345,44,56702.80000000003
15024,532.8099999999998,4,133.20249999999996,29,15451.489999999994
15028,135.75,1,135.75,1,135.75
15032,444.86,2,222.43,30,13345.800000000001
15033,689.6399999999998,2,344.8199999999999,32,22068.479999999992
15034,3110.91,10,311.091,30,93327.29999999999
15038,125.05000000000003,2,62.52500000000001,1,125.05000000000003
15039,2635.14,19,138.6915789473684,51,134392.13999999998
15044,3377.6600000000008,13,259.82000000000005,50,168883.00000000003
15046,352.93999999999994,4,88.23499999999999,40,14117.599999999999
15048,157.64999999999998,3,52.54999999999999,16,2522.3999999999996
15052,78.16,2,39.08,34,2657.44
15059,736.5900000000004,3,245.53000000000011,31,22834.29000000001
15061,35011.67999999999,35,1000.3337142857141,55,1925642.3999999997
15062,989.08,3,329.6933333333333,34,33628.72
15070,106.2,1,106.2,1,106.2
15078,654.22,6,109.03666666666668,49,32056.780000000002
15081,152.65,2,76.325,1,152.65
15093,1845.2299999999998,6,307.5383333333333,41,75654.43
15100,832.1999999999999,3,277.4,7,5825.4
15101,203.84,4,50.96,22,4484.4800000000005
15107,349.24999999999994,7,49.89285714285713,42,14668.499999999998
15110,268.5,2,134.25,1,268.5
15111,910.05,2,455.025,1,910.05
15139,70.80000000000001,1,70.80000000000001,1,70.80000000000001
15157,1889.4800000000007,5,377.89600000000013,33,62352.840000000026
15159,1641.1400000000006,4,410.28500000000014,34,55798.76000000002
15160,429.47999999999996,3,143.16,1,429.48
15164,266.74,3,88.91333333333334,1,266.74
15165,888.5999999999999,2,444.29999999999995,1,888.5999999999999
15167,914.6599999999999,3,304.8866666666666,34,31098.439999999995
15171,1462.0,1,1462.0,1,1462.0
15174,102.38,2,51.19,1,102.38
15179,1451.2300000000002,4,362.80750000000006,34,49341.82000000001
15180,87.5,1,87.5,1,87.5
15189,1131.0100000000002,4,282.75250000000005,16,18096.160000000003
15192,93.96000000000001,1,93.96000000000001,1,93.96000000000001
15194,5669.609999999997,11,515.4190909090906,47,266471.66999999987
15204,347.18,2,173.59,1,347.18
15208,65.4,1,65.4,1,65.4
15213,551.85,3,183.95000000000002,11,6070.35
15218,1018.1199999999997,3,339.3733333333332,1,1018.1199999999997
15221,185.4,1,185.4,1,185.4
15222,585.0,1,585.0,1,585.0
15224,204.57999999999996,3,68.19333333333331,4,818.3199999999997
15227,112.13000000000001,2,56.065000000000005,22,2466.86
15235,1479.3600000000006,12,123.28000000000004,55,81364.80000000003
15246,283.49999999999994,2,141.74999999999997,1,283.49999999999994
15260,203.50000000000003,2,101.75000000000001,1,203.50000000000003
15262,334.29999999999995,2,167.14999999999998,1,334.29999999999995
15266,185.69999999999996,3,61.899999999999984,22,4085.399999999999
15271,592.65,7,84.66428571428571,28,16594.2
15279,820.9999999999998,5,164.19999999999996,15,12314.999999999996
15281,652.23,5,130.446,43,28045.89
15288,313.28999999999996,3,104.42999999999999,31,9711.989999999998
15290,319.7,4,79.925,14,4475.8
15291,1558.1100000000001,7,222.58714285714288,54,84137.94
15296,1301.6299999999999,2,650.8149999999999,34,44255.42
15298,646.9,5,129.38,42,27169.8
15301,49.78,3,16.593333333333334,16,796.48
15304,17.700000000000003,1,17.700000000000003,1,17.700000000000003
15311,19826.89000000004,42,472.06880952381044,57,1130132.7300000023
15312,650.0700000000002,5,130.01400000000004,49,31853.430000000008
15316,3.3,1,3.3,1,3.3
15326,164.63000000000002,1,164.63000000000002,1,164.63000000000002
15329,0.85,1,0.85,1,0.85
15332,191.15000000000003,4,47.78750000000001,11,2102.6500000000005
15339,3004.6099999999997,4,751.1524999999999,35,105161.34999999999
15346,172.26000000000002,2,86.13000000000001,32,5512.320000000001
15347,201.60000000000002,1,201.60000000000002,1,201.60000000000002
15350,206.09999999999997,2,103.04999999999998,1,206.09999999999997
15351,91.80000000000001,1,91.80000000000001,12,1101.6000000000001
15353,203.65,1,203.65,1,203.65
15356,359.67999999999995,7,51.382857142857134,17,6114.5599999999995
15358,1678.2900000000009,15,111.88600000000005,49,82236.21000000005
15361,403.92,1,403.92,31,12521.52
15366,241.61999999999998,5,48.324,1,241.62
15373,806.0999999999999,6,134.35,32,25795.199999999997
15379,3711.889999999997,11,337.4445454545452,55,204153.94999999987
15380,460.20000000000005,2,230.10000000000002,1,460.20000000000005
15384,607.19,4,151.7975,15,9107.85
15392,1168.84,6,194.80666666666664,49,57273.159999999996
15394,395.8999999999999,2,197.94999999999996,47,18607.299999999996
15395,118.75,1,118.75,1,118.75
15422,153.2,3,51.06666666666666,1,153.2
15426,348.1999999999999,3,116.06666666666662,18,6267.599999999998
15443,307.3100000000001,2,153.65500000000006,1,307.3100000000001
15447,155.17000000000002,1,155.17000000000002,1,155.17000000000002
15454,351.95,3,117.31666666666666,1,351.95
15456,1146.7199999999998,4,286.67999999999995,34,38988.479999999996
15460,369.19999999999993,5,73.83999999999999,50,18459.999999999996
15464,1038.3400000000001,2,519.1700000000001,29,30111.860000000004
15465,2298.3999999999996,6,383.0666666666666,49,112621.59999999998
15468,2.1,1,2.1,1,2.1
15482,1007.6000000000001,3,335.86666666666673,1,1007.6000000000001
15485,1818.6000000000004,5,363.7200000000001,7,12730.200000000003
15498,4254.839999999999,12,354.56999999999994,51,216996.83999999997
15502,594.18,7,84.88285714285713,30,17825.399999999998
15503,204.26999999999992,2,102.13499999999996,31,6332.369999999998
15510,500.0,2,250.0,1,500.0
15512,7.47,1,7.47,1,7.47
15513,601.33,3,200.44333333333336,46,27661.18
15514,2189.6600000000003,6,364.9433333333334,33,72258.78000000001
15518,484.80999999999995,6,80.80166666666666,46,22301.26
15525,456.87000000000006,2,228.43500000000003,13,5939.31
15527,279.71,3,93.23666666666666,15,4195.65
15529,810.25,6,135.04166666666666,43,34840.75
15532,813.0000000000001,6,135.50000000000003,14,11382.000000000004
15535,165.49999999999997,3,55.16666666666666,34,5626.999999999999
15544,374.73999999999995,2,187.36999999999998,1,374.73999999999995
15545,269.65999999999997,2,134.82999999999998,14,3775.24
15547,855.2499999999999,2,427.62499999999994,32,27367.999999999996
15549,1230.58,5,246.11599999999999,22,27072.76
15555,1511.2399999999996,16,94.45249999999997,40,60449.599999999984
15562,134.55,1,134.55,1,134.55
15563,518.9600000000002,5,103.79200000000003,33,17125.680000000004
15569,278.5,1,278.5,1,278.5
15570,2161.410000000001,11,196.4918181818183,40,86456.40000000005
15574,1037.3999999999996,13,79.79999999999997,47,48757.79999999998
15581,523.94,7,74.84857142857143,16,8383.04
15587,352.38,2,176.19,33,11628.539999999999
15596,361.65000000000003,4,90.41250000000001,39,14104.350000000002
15601,2495.3799999999997,14,178.24142857142854,56,139741.27999999997
15602,136.56,4,34.14,28,3823.6800000000003
15605,304.2,2,152.1,1,304.2
15606,290.4,1,290.4,1,290.4
15607,104.76,1,104.76,1,104.76
15611,104.25,2,52.125,1,104.25
15615,1421.0400000000002,8,177.63000000000002,44,62525.76000000001
15620,634.9399999999998,4,158.73499999999996,34,21587.959999999995
15626,380.75999999999993,2,190.37999999999997,1,380.75999999999993
15628,509.07999999999987,2,254.53999999999994,1,509.07999999999987
15640,2132.65,9,236.9611111111111,50,106632.5
15641,451.2899999999999,2,225.64499999999995,1,451.2899999999999
15646,3053.6400000000003,1,3053.6400000000003,1,3053.6400000000003
15649,612.0,2,306.0,1,612.0
15658,675.7999999999998,1,675.7999999999998,1,675.7999999999998
15661,166.54,3,55.51333333333333,50,8327.0
15664,3.8,1,3.8,14,53.199999999999996
15673,779.8200000000002,2,389.9100000000001,33,25734.060000000005
15680,437.10000000000014,3,145.70000000000005,30,13113.000000000004
15687,417.95,2,208.975,31,12956.449999999999
15689,103.5,1,103.5,1,103.5
15694,412.79,2,206.395,30,12383.7
15696,629.1900000000002,6,104.86500000000002,44,27684.360000000008
15708,1163.0900000000004,5,232.61800000000008,12,13957.080000000005
15713,263.75,4,65.9375,6,1582.5
15716,521.96,3,173.98666666666668,1,521.96
15719,207.6499999999999,3,69.21666666666663,30,6229.499999999996
15723,28.950000000000003,2,14.475000000000001,1,28.950000000000003
15727,2391.3399999999992,14,170.80999999999995,48,114784.31999999996
15738,1020.0500000000001,5,204.01000000000002,46,46922.3
15749,15160.900000000001,1,15160.900000000001,1,15160.900000000001
15750,331.5199999999999,4,82.87999999999998,1,331.5199999999999
15752,1988.1,5,397.62,1,1988.1
15759,124.76000000000002,2,62.38000000000001,14,1746.6400000000003
15769,3795.6000000000004,4,948.9000000000001,22,83503.20000000001
15777,673.1999999999999,3,224.39999999999998,1,673.1999999999999
15780,31.3,1,31.3,1,31.3
15789,360.7,3,120.23333333333333,1,360.7
15797,15.0,1,15.0,1,15.0
15799,200.35999999999996,2,100.17999999999998,31,6211.159999999999
15808,2754.189999999999,11,250.380909090909,53,145972.06999999995
15811,616.0999999999999,3,205.36666666666665,6,3696.5999999999995
15812,489.6,2,244.8,1,489.6
15820,404.7599999999999,3,134.91999999999996,1,404.7599999999999
15822,392.49000000000007,2,196.24500000000003,33,12952.170000000002
15823,2.1,1,2.1,1,2.1
15827,314.75,2,157.375,42,13219.5
15831,213.44000000000003,2,106.72000000000001,34,7256.960000000001
15835,559.32,2,279.66,1,559.32
15841,331.6,1,331.6,1,331.6
15845,6.959999999999999,1,6.959999999999999,1,6.959999999999999
15854,521.85,4,130.4625,32,16699.2
15856,3262.119999999999,9,362.45777777777766,31,101125.71999999997
15858,129.45,1,129.45,1,129.45
15860,102.66000000000001,1,102.66000000000001,1,102.66000000000001
15862,1698.38,1,1698.38,13,22078.940000000002
15867,990.7200000000003,12,82.56000000000002,36,35665.92000000001
15880,341.1799999999999,4,85.29499999999997,15,5117.699999999998
15881,34.199999999999996,1,34.199999999999996,1,34.199999999999996
15882,100.80000000000001,1,100.80000000000001,1,100.80000000000001
15889,247.23999999999995,3,82.41333333333331,15,3708.5999999999995
15894,11.849999999999998,2,5.924999999999999,1,11.849999999999998
15898,349.41,2,174.705,15,5241.150000000001
15910,196.54,2,98.27,1,196.54
15916,510.63999999999993,4,127.65999999999998,36,18383.039999999997
15919,557.25,5,111.45,1,557.25
15922,538.7,2,269.35,1,538.7
15923,242.60999999999999,3,80.86999999999999,1,242.60999999999996
15938,4.63,1,4.63,1,4.63
15939,177.41,2,88.705,39,6918.99
15950,69.30000000000001,2,34.650000000000006,14,970.2000000000002
15953,160.5,2,80.25,38,6099.0
15955,897.5800000000002,4,224.39500000000004,1,897.5800000000002
15967,242.14999999999995,3,80.71666666666665,35,8475.25
15973,858.2900000000001,4,214.57250000000002,51,43772.79
15983,2198.0399999999995,9,244.2266666666666,47,103307.87999999998
15984,346.09,5,69.21799999999999,52,17996.679999999997
15987,113.48000000000002,1,113.48000000000002,1,113.48000000000002
15996,470.8499999999999,3,156.94999999999996,1,470.8499999999999
15998,701.3600000000005,6,116.89333333333342,32,22443.520000000015
16003,5630.959999999999,5,1126.1919999999998,47,264655.11999999994
16010,130.40000000000003,2,65.20000000000002,32,4172.800000000001
16011,310.75,2,155.375,1,310.75
16013,2448.6,5,489.71999999999997,9,22037.399999999998
16016,524.5699999999998,5,104.91399999999996,30,15737.099999999995
16019,660.1,5,132.02,30,19803.0
16029,27834.87,18,1546.3816666666667,57,1586587.5899999999
16033,1922.8700000000013,19,101.20368421052638,53,101912.11000000007
16034,129.44,2,64.72,1,129.44
16037,496.3699999999999,3,165.45666666666662,15,7445.549999999998
16042,17.0,1,17.0,1,17.0
16043,250.95999999999998,1,250.95999999999998,1,250.95999999999998
16059,458.85,5,91.77000000000001,40,18354.0
16065,125.05000000000004,3,41.683333333333344,31,3876.550000000001
16081,175.15,2,87.575,1,175.15
16083,1013.9399999999999,6,168.98999999999998,1,1013.9399999999998
16085,177.65,2,88.825,1,177.65
16086,5.04,1,5.04,1,5.04
16098,644.6,2,322.3,1,644.6
16112,124.18,4,31.045,48,5960.64
16122,393.9600000000001,4,98.49000000000002,34,13394.640000000003
16124,425.19999999999993,3,141.73333333333332,1,425.19999999999993
16125,151.97,1,151.97,30,4559.1
16134,534.4300000000001,5,106.88600000000001,54,28859.220000000005
16138,-7.95,1,-7.95,1,-7.95
16140,185.28,2,92.64,1,185.28
16143,2048.54,3,682.8466666666667,49,100378.45999999999
16145,668.4599999999999,5,133.69199999999998,33,22059.179999999997
16150,1202.7599999999998,3,400.9199999999999,1,1202.7599999999998
16153,521.0799999999999,3,173.6933333333333,32,16674.559999999998
16161,834.8700000000002,8,104.35875000000003,47,39238.890000000014
16168,856.88,3,285.62666666666667,16,13710.08
16186,142.19,3,47.39666666666667,14,1990.6599999999999
16191,1147.99,8,143.49875,55,63139.45
16202,523.36,2,261.68,1,523.36
16203,341.4,2,170.7,1,341.4
16206,453.94999999999993,3,151.31666666666663,34,15434.299999999997
16210,8376.760000000002,9,930.7511111111113,46,385330.9600000001
16218,1537.28,6,256.2133333333333,13,19984.639999999996
16221,111.59,1,111.59,1,111.59
16222,1510.45,8,188.80625,34,51355.3
16233,25.9,1,25.9,1,25.9
16235,209.39,3,69.79666666666667,3,628.17
16241,1111.7900000000006,6,185.29833333333343,53,58924.87000000003
16244,1068.9299999999998,3,356.30999999999995,1,1068.9299999999998
16250,235.28999999999996,3,78.42999999999999,1,235.28999999999996
16252,5.45,1,5.45,1,5.45
16255,718.3000000000001,6,119.71666666666668,51,36633.3
16265,375.18,2,187.59,32,12005.76
16270,2428.1999999999994,4,607.0499999999998,1,2428.1999999999994
16271,176.11999999999998,3,58.706666666666656,48,8453.759999999998
16274,404.60999999999996,3,134.86999999999998,14,5664.539999999999
16282,454.8,5,90.96000000000001,1,454.80000000000007
16293,663.45,2,331.725,1,663.45
16303,334.98,3,111.66000000000001,32,10719.36
16306,175.15000000000003,1,175.15000000000003,1,175.15000000000003
16315,458.36999999999995,3,152.79,32,14667.84
16316,604.2900000000001,5,120.85800000000002,47,28401.630000000005
16321,87.75,1,87.75,1,87.75
16326,384.19999999999993,2,192.09999999999997,31,11910.199999999997
16327,719.6600000000003,2,359.83000000000015,15,10794.900000000005
16350,574.4,2,287.2,1,574.4
16351,307.79999999999995,2,153.89999999999998,1,307.79999999999995
16353,531.1,7,75.87142857142858,35,18588.5
16359,184.8,2,92.4,1,184.8
16365,508.31999999999994,3,169.43999999999997,8,4066.5599999999995
16367,443.7799999999999,4,110.94499999999998,32,14200.959999999997
16385,183.6,2,91.8,30,5508.0
16393,128.10000000000002,1,128.10000000000002,1,128.10000000000002
16395,748.4800000000002,4,187.12000000000006,39,29190.72000000001
16401,545.5400000000001,1,545.5400000000001,34,18548.360000000004
16402,1062.85,7,151.83571428571426,15,15942.749999999998
16409,522.9100000000001,4,130.72750000000002,22,11504.020000000002
16411,194.16999999999993,3,64.72333333333331,15,2912.5499999999993
16422,5099.43,11,463.5845454545455,52,265170.36
16424,-51.0,1,-51.0,1,-51.0
16442,308.85,4,77.2125,33,10192.050000000001
16455,694.01,5,138.802,14,9716.14
16458,309.7,3,103.23333333333333,1,309.7
16470,728.9000000000002,6,121.48333333333336,1,728.9000000000002
16473,204.97000000000003,2,102.48500000000001,1,204.97000000000003
16477,777.11,6,129.51833333333335,53,41186.83000000001
16493,11.6,1,11.6,1,11.6
16496,1227.9399999999996,3,409.3133333333332,23,28242.61999999999
16497,464.09999999999997,2,232.04999999999998,1,464.09999999999997
16499,252.5,4,63.125,13,3282.5
16503,1510.03,5,302.006,43,64931.289999999986
16510,112.5,2,56.25,14,1575.0
16519,103.7,1,103.7,1,103.7
16520,151.4,5,30.28,31,4693.400000000001
16525,1675.65,8,209.45625,35,58647.75
16531,309.82000000000005,2,154.91000000000003,7,2168.7400000000002
16532,1946.22,2,973.11,29,56440.38
16539,860.65,7,122.95,15,12909.75
16546,18.3,1,18.3,14,256.2
16549,90.94000000000001,2,45.470000000000006,1,90.94000000000001
16550,264.53999999999996,2,132.26999999999998,17,4497.179999999999
16551,592.1399999999999,2,296.06999999999994,1,592.1399999999999
16552,181.23999999999998,1,181.23999999999998,1,181.23999999999998
16553,4702.32,7,671.76,1,4702.32
16556,630.7999999999998,7,90.11428571428569,13,8200.399999999998
16558,820.1099999999999,7,117.15857142857142,52,42645.719999999994
16560,549.23,4,137.3075,48,26363.04
16565,173.7,1,173.7,1,173.7
16567,35.58,1,35.58,1,35.58
16570,-36.65,1,-36.65,1,-36.65
16579,-30.599999999999998,1,-30.599999999999998,1,-30.599999999999998
16583,233.45000000000002,1,233.45000000000002,1,233.45000000000002
16593,69.6,1,69.6,1,69.6
16596,161.05,2,80.525,1,161.05
16600,224.94,3,74.98,29,6523.26
16607,1083.24,4,270.81,14,15165.36
16618,213.07999999999998,2,106.53999999999999,1,213.07999999999998
16634,194.8,3,64.93333333333334,1,194.8
16638,237.84999999999997,5,47.56999999999999,39,9276.149999999998
16654,269.85,4,67.4625,29,7825.650000000001
16655,309.3499999999999,2,154.67499999999995,1,309.3499999999999
16656,545.96,3,181.98666666666668,2,1091.92
16660,17.4,1,17.4,1,17.4
16665,25.5,1,25.5,1,25.5
16670,1227.5800000000004,10,122.75800000000004,32,39282.56000000001
16676,2653.44,2,1326.72,30,79603.2
16684,4752.179999999999,7,678.882857142857,4,19008.719999999998
16686,684.1800000000001,5,136.836,47,32156.460000000003
16700,535.45,4,133.8625,50,26772.500000000004
16701,1423.2,5,284.64,30,42695.99999999999
16705,1524.89,5,304.978,4,6099.56
16710,535.77,6,89.295,17,9108.09
16711,428.40000000000003,2,214.20000000000002,1,428.40000000000003
16713,1256.4699999999998,8,157.05874999999997,33,41463.509999999995
16714,1209.2199999999998,4,302.30499999999995,22,26602.839999999997
16717,349.75,2,174.875,1,349.75
16718,714.65,4,178.6625,1,714.65
16719,543.76,7,77.67999999999999,52,28275.52
16722,855.4300000000001,5,171.086,8,6843.4400000000005
16725,1111.37,8,138.92125,43,47788.909999999996
16726,231.97000000000003,2,115.98500000000001,1,231.97000000000003
16727,65.22999999999999,2,32.614999999999995,32,2087.3599999999997
16730,517.54,3,172.51333333333332,1,517.54
16735,892.1099999999999,3,297.36999999999995,31,27655.409999999996
16743,280.8300000000001,5,56.16600000000002,47,13199.010000000004
16746,2558.7800000000016,6,426.4633333333336,34,86998.52000000005
16748,230.85,2,115.425,31,7156.349999999999
16752,60.9,2,30.45,1,60.9
16754,4004.8,2,2002.4,1,4004.8
16757,175.98000000000002,2,87.99000000000001,35,6159.300000000001
16767,2807.7200000000003,4,701.9300000000001,22,61769.840000000004
16770,509.39999999999986,6,84.89999999999998,14,7131.5999999999985
16771,627.7200000000003,4,156.93000000000006,51,32013.720000000012
16775,314.75,4,78.6875,37,11645.75
16779,1394.97,7,199.28142857142856,35,48823.950000000004
16781,12.600000000000001,1,12.600000000000001,1,12.600000000000001
16782,1190.9200000000003,11,108.26545454545457,49,58355.080000000016
16791,297.50999999999993,7,42.50142857142856,1,297.50999999999993
16795,322.03,4,80.5075,31,9982.929999999998
16805,780.6300000000006,6,130.1050000000001,47,36689.61000000003
16812,4339.399999999999,3,1446.4666666666662,47,203951.79999999993
16814,1570.8299999999997,10,157.08299999999997,52,81683.15999999999
16816,138.95999999999998,2,69.47999999999999,1,138.95999999999998
16817,171.39,3,57.129999999999995,8,1371.12
16835,49.95,2,24.975,1,49.95
16839,2267.61,7,323.94428571428574,47,106577.67000000001
16843,2.1,1,2.1,1,2.1
16850,590.9899999999999,2,295.49499999999995,1,590.9899999999999
16858,95.0,2,47.5,32,3040.0
16861,-13.290000000000003,1,-13.290000000000003,1,-13.290000000000003
16873,1866.14,6,311.02333333333337,33,61582.62000000001
16875,600.7999999999998,4,150.19999999999996,51,30640.799999999992
16883,238.60999999999999,2,119.30499999999999,1,238.60999999999999
16885,298.5499999999999,4,74.63749999999997,35,10449.249999999996
16889,488.44999999999993,1,488.44999999999993,30,14653.499999999998
16891,241.69999999999987,2,120.84999999999994,14,3383.7999999999984
16892,-15.95,1,-15.95,1,-15.95
16893,175.77999999999997,2,87.88999999999999,1,175.77999999999997
16898,375.5399999999999,2,187.76999999999995,19,7135.259999999998
16899,430.50000000000006,4,107.62500000000001,34,14637.000000000002
16904,336.74000000000007,4,84.18500000000002,43,14479.820000000003
16905,508.8,2,254.4,1,508.8
16907,216.62,2,108.31,32,6931.84
16912,377.3,2,188.65,1,377.3
16916,121.70000000000003,2,60.850000000000016,14,1703.8000000000004
16918,17.310000000000002,2,8.655000000000001,22,380.82000000000005
16919,1467.0100000000016,8,183.3762500000002,47,68949.47000000007
16923,959.3599999999996,4,239.8399999999999,35,33577.599999999984
16926,460.49999999999994,2,230.24999999999997,1,460.49999999999994
16927,436.2,2,218.1,1,436.2
16928,202.5,2,101.25,1,202.5
16931,693.6100000000005,12,57.80083333333337,52,36067.72000000002
16943,311.37999999999994,2,155.68999999999997,1,311.37999999999994
16945,1255.16,4,313.79,14,17572.24
16948,32.7,1,32.7,1,32.7
16949,14.77,2,7.385,22,324.94
16954,668.4000000000001,3,222.80000000000004,1,668.4000000000001
16955,287.19999999999993,3,95.7333333333333,13,3733.599999999999
16983,219.64000000000004,2,109.82000000000002,1,219.64000000000004
16985,261.48,1,261.48,14,3660.7200000000003
16996,86.04000000000002,3,28.680000000000007,5,430.2000000000001
16997,99.35,1,99.35,1,99.35
17001,1163.8799999999999,3,387.96,1,1163.8799999999999
17007,424.23999999999995,4,106.05999999999999,1,424.23999999999995
17017,1339.4200000000003,7,191.34571428571434,15,20091.300000000003
17018,67.5,1,67.5,1,67.5
17019,813.5199999999993,5,162.70399999999987,38,30913.759999999973
17025,178.82000000000002,3,59.606666666666676,1,178.82000000000002
17027,1268.65,5,253.73000000000002,22,27910.300000000003
17033,679.2,3,226.4,1,679.2
17041,84.43,1,84.43,1,84.43
17044,-10.35,1,-10.35,34,-351.9
17048,309.87000000000006,3,103.29000000000002,31,9605.970000000001
17059,1952.4699999999996,7,278.92428571428565,15,29287.049999999992
17062,274.09999999999997,5,54.81999999999999,40,10963.999999999998
17064,61.84,1,61.84,1,61.84
17068,309.49999999999994,5,61.89999999999999,10,3094.9999999999995
17069,1192.7300000000002,7,170.39000000000004,51,60829.23000000001
17075,68.0,1,68.0,1,68.0
17076,303.0,3,101.0,1,303.0
17082,34.81,1,34.81,33,1148.73
17085,1790.0000000000002,7,255.71428571428575,15,26850.000000000004
17090,61.199999999999996,2,30.599999999999998,35,2142.0
17091,853.9999999999999,6,142.33333333333331,43,36721.99999999999
17094,90.80000000000001,2,45.400000000000006,1,90.80000000000001
17095,312.31000000000006,1,312.31000000000006,31,9681.610000000002
17097,148.51,2,74.255,41,6088.91
17114,999.8,4,249.95,1,999.8
17118,281.94,4,70.485,1,281.94
17126,344.39,3,114.79666666666667,31,10676.09
17128,501.39000000000004,2,250.69500000000002,1,501.39000000000004
17135,215.58,2,107.79,1,215.58
17146,963.4100000000001,4,240.85250000000002,47,45280.270000000004
17158,1294.8200000000006,7,184.9742857142858,47,60856.54000000003
17181,21.17,1,21.17,1,21.17
17188,260.62999999999994,2,130.31499999999997,45,11728.349999999997
17189,344.36999999999995,5,68.874,1,344.37
17191,656.6899999999999,4,164.17249999999999,17,11163.73
17194,295.7099999999999,5,59.14199999999998,47,13898.369999999997
17198,468.74,5,93.748,14,6562.360000000001
17204,-41.7,1,-41.7,1,-41.7
17211,656.5800000000003,7,93.7971428571429,38,24950.04000000001
17213,1907.9400000000003,6,317.99000000000007,52,99212.88000000003
17214,731.5,3,243.83333333333334,34,24871.0
17218,739.4299999999998,8,92.42874999999998,33,24401.189999999995
17220,511.60999999999996,2,255.80499999999998,33,16883.129999999997
17223,163.97000000000003,2,81.98500000000001,17,2787.4900000000007
17227,270.74999999999994,2,135.37499999999997,1,270.74999999999994
17228,88.35000000000002,2,44.17500000000001,33,2915.5500000000006
17230,4272.29,11,388.39,54,230703.66
17231,442.2699999999999,5,88.45399999999998,37,16363.989999999994
17235,103.19999999999999,1,103.19999999999999,1,103.19999999999999
17236,2.1,1,2.1,1,2.1
17238,344.28999999999996,4,86.07249999999999,49,16870.21
17239,-2.55,1,-2.55,1,-2.55
17243,1840.0400000000004,12,153.3366666666667,49,90161.96000000002
17251,83.63000000000001,2,41.815000000000005,31,2592.53
17259,287.7299999999999,2,143.86499999999995,17,4891.409999999998
17277,506.5200000000001,2,253.26000000000005,1,506.5200000000001
17284,2151.9800000000005,4,537.9950000000001,30,64559.400000000016
17287,16.85,1,16.85,1,16.85
17288,160.74,3,53.580000000000005,2,321.48
17293,408.9,2,204.45,32,13084.8
17303,246.1599999999999,2,123.07999999999996,32,7877.119999999997
17306,1821.8799999999999,4,455.46999999999997,31,56478.28
17311,60.59000000000001,1,60.59000000000001,23,1393.5700000000002
17315,464.2899999999999,9,51.58777777777777,55,25535.949999999993
17320,434.60999999999996,1,434.60999999999996,29,12603.689999999999
17324,593.83,3,197.94333333333336,35,20784.050000000003
17338,1855.8099999999997,4,463.95249999999993,32,59385.91999999999
17339,60.0,1,60.0,1,60.0
17340,3993.6400000000003,11,363.0581818181818,50,199682.0
17341,2557.2799999999993,9,284.14222222222213,30,76718.39999999998
17343,277.22999999999996,3,92.40999999999998,33,9148.589999999998
17346,285.5199999999999,5,57.103999999999985,14,3997.279999999999
17358,511.81000000000006,3,170.60333333333335,33,16889.730000000003
17364,250.18,4,62.545,39,9757.02
17365,465.02,3,155.00666666666666,32,14880.64
17368,89.23999999999988,4,22.30999999999997,44,3926.559999999995
17371,97.62999999999998,1,97.62999999999998,1,97.62999999999998
17372,1303.45,8,162.93125,56,72993.2
17375,107.45,2,53.725,32,3438.4
17377,749.3499999999999,8,93.66874999999999,8,5994.799999999999
17381,2011.64,4,502.91,39,78453.96
17389,817.4399999999999,7,116.77714285714285,51,41689.439999999995
17392,143.46,2,71.73,34,4877.64
17396,397.5,1,397.5,1,397.5
17400,628.5200000000001,7,89.78857142857144,50,31426.000000000004
17402,839.1700000000002,8,104.89625000000002,40,33566.80000000001
17404,2588.4500000000003,5,517.69,36,93184.20000000001
17406,2001.16,8,250.145,36,72041.76000000001
17411,-11.25,1,-11.25,1,-11.25
17412,966.38,3,322.12666666666667,14,13529.32
17418,124.32,2,62.16,34,4226.88
17419,1002.12,6,167.02,43,43091.16
17420,37.349999999999994,1,37.349999999999994,1,37.349999999999994
17428,1675.0800000000002,4,418.77000000000004,7,11725.560000000001
17449,1654.4899999999998,4,413.62249999999995,33,54598.16999999999
17450,2183.390000000001,3,727.796666666667,32,69868.48000000003
17454,235.65000000000003,2,117.82500000000002,1,235.65000000000003
17456,235.98,2,117.99,1,235.98
17457,339.3999999999999,3,113.13333333333331,23,7806.199999999998
17460,263.29999999999995,3,87.76666666666665,55,14481.499999999998
17470,75.0,2,37.5,1,75.0
17491,442.29999999999995,2,221.14999999999998,8,3538.3999999999996
17496,516.62,2,258.31,33,17048.46
17504,69.4,2,34.7,1,69.4
17511,6155.91,14,439.7078571428571,57,350886.87
17515,164.26999999999998,2,82.13499999999999,33,5420.91
17519,284.4,2,142.2,1,284.4
17526,238.6,2,119.3,5,1193.0
17530,270.4000000000001,2,135.20000000000005,32,8652.800000000003
17540,65.10000000000001,1,65.10000000000001,1,65.10000000000001
17547,59.00000000000001,1,59.00000000000001,14,826.0000000000001
17548,-74.17999999999999,1,-74.17999999999999,13,-964.3399999999999
17551,697.3399999999999,4,174.33499999999998,14,9762.759999999998
17555,-1623.8300000000004,10,-162.38300000000004,31,-50338.73000000001
17567,630.15,3,210.04999999999998,1,630.15
17569,463.87,3,154.62333333333333,1,463.87
17572,234.29999999999998,1,234.29999999999998,1,234.29999999999998
17576,776.0000000000001,7,110.85714285714288,40,31040.000000000004
17580,163.6,3,54.53333333333333,14,2290.4
17581,1622.76,8,202.845,43,69778.68
17585,272.96000000000004,2,136.48000000000002,1,272.96000000000004
17591,479.9299999999999,3,159.97666666666663,13,6239.089999999998
17593,570.9,2,285.45,50,28545.0
17596,503.16999999999973,4,125.79249999999993,17,8553.889999999996
17602,261.0,4,65.25,33,8613.0
17609,562.7399999999999,6,93.78999999999998,33,18570.42
17611,6058.439999999999,17,356.3788235294117,41,248396.03999999995
17616,5.1,1,5.1,1,5.1
17618,284.55,4,71.1375,1,284.55
17621,338.95,2,169.475,34,11524.3
17629,380.42999999999995,3,126.80999999999999,33,12554.189999999999
17634,1650.650000000001,6,275.1083333333335,30,49519.50000000003
17643,130.05,2,65.025,1,130.05
17646,208.07999999999998,2,104.03999999999999,32,6658.5599999999995
17655,482.04,4,120.51,30,14461.2
17659,1250.15,4,312.5375,1,1250.15
17671,194.82,3,64.94,1,194.82
17673,168.89,2,84.445,34,5742.259999999999
17674,596.2799999999999,2,298.13999999999993,1,596.2799999999999
17675,2172.63,6,362.105,34,73869.42
17677,2066.3,7,295.1857142857143,50,103315.00000000001
17682,756.3000000000001,2,378.15000000000003,1,756.3000000000001
17685,495.3899999999999,5,99.07799999999997,43,21301.769999999993
17690,18816.359999999997,5,3763.2719999999995,47,884368.9199999998
17691,530.3999999999999,7,75.77142857142856,44,23337.599999999995
17692,358.97999999999996,4,89.74499999999999,47,16872.059999999998
17696,17.700000000000003,1,17.700000000000003,1,17.700000000000003
17706,271.43,4,67.8575,29,7871.47
17707,149.7,2,74.85,1,149.7
17708,87.4,4,21.85,1,87.4
17714,215.7,2,107.85,1,215.7
17722,1643.6799999999998,10,164.368,42,69034.56
17730,338.8,2,169.4,1,338.8
17732,966.8299999999999,2,483.41499999999996,14,13535.619999999999
17735,1014.6900000000003,5,202.93800000000005,50,50734.500000000015
17739,500.89000000000004,3,166.96333333333334,47,23541.829999999998
17742,574.9399999999999,2,287.46999999999997,1,574.9399999999999
17744,1631.6299999999999,6,271.93833333333333,36,58738.68000000001
17752,80.64,1,80.64,1,80.64
17757,802.5500000000001,12,66.87916666666668,56,44942.80000000001
17760,274.5,1,274.5,1,274.5
17769,314.02,2,157.01,1,314.02
17771,145.25000000000003,2,72.62500000000001,1,145.25000000000003
17786,138.10000000000002,4,34.525000000000006,1,138.10000000000002
17787,1574.9499999999998,5,314.98999999999995,48,75597.59999999999
17790,253.6,6,42.266666666666666,32,8115.2
17796,399.34999999999985,5,79.86999999999998,35,13977.249999999996
17799,1596.4500000000012,9,177.38333333333347,39,62261.55000000005
17800,47.05,1,47.05,1,47.05
17809,1907.6,3,635.8666666666667,1,1907.6
17811,610.8699999999998,7,87.26714285714283,16,9773.919999999996
17812,391.55,2,195.775,1,391.55
17816,32.42,6,5.403333333333333,1,32.42
17819,122.96999999999998,1,122.96999999999998,1,122.96999999999998
17820,4.66,1,4.66,14,65.24000000000001
17827,912.24,5,182.448,32,29191.68
17838,1367.76,4,341.94,7,9574.32
17841,9425.599999999999,54,174.54814814814813,56,527833.5999999999
17848,195.88,4,48.97,14,2742.3199999999997
17849,-28768.750000000004,3,-9589.583333333334,1,-28768.75
17850,7090.980000000001,37,191.64810810810815,15,106364.70000000003
17855,182.4,3,60.800000000000004,14,2553.6
17857,65.2,3,21.733333333333334,24,1564.8000000000002
17858,688.8999999999999,7,98.4142857142857,19,13089.099999999997
17860,189.14,3,63.04666666666666,1,189.14
17861,187.06,2,93.53,35,6547.1
17862,487.44,2,243.72,34,16572.96
17863,364.37999999999994,2,182.18999999999997,15,5465.699999999999
17865,2137.1400000000003,5,427.42800000000005,7,14959.980000000003
17869,37.08,3,12.36,29,1075.32
17873,215.14999999999998,1,215.14999999999998,1,215.14999999999998
17880,19.4,1,19.4,1,19.4
17884,167.26999999999995,6,27.878333333333327,14,2341.7799999999993
17888,118.28,4,29.57,40,4731.2
17889,161.4,2,80.7,1,161.4
17890,584.47,4,146.1175,39,22794.33
17894,1226.220000000001,13,94.32461538461546,42,51501.24000000004
17897,624.8000000000004,4,156.2000000000001,36,22492.800000000014
17905,352.74999999999994,4,88.18749999999999,21,7407.749999999999
17908,25.25,2,12.625,1,25.25
17912,166.15000000000003,6,27.691666666666674,41,6812.1500000000015
17913,410.99999999999994,3,136.99999999999997,47,19316.999999999996
17917,382.03999999999996,2,191.01999999999998,32,12225.279999999999
17920,1447.5800000000013,6,241.26333333333355,34,49217.720000000045
17924,255.75,2,127.875,1,255.75
17937,646.67,2,323.335,32,20693.44
17949,864.0,2,432.0,1,864.0
17950,423.45000000000005,3,141.15,32,13550.400000000001
17951,558.9,4,139.725,15,8383.5
17954,886.3900000000001,8,110.79875000000001,42,37228.380000000005
17961,2875.5699999999974,14,205.39785714285696,53,152405.20999999988
17964,133.29,2,66.645,14,1866.06
17965,426.49999999999983,5,85.29999999999997,38,16206.999999999993
17967,128.48000000000002,2,64.24000000000001,1,128.48000000000002
17968,354.64999999999986,5,70.92999999999998,13,4610.449999999998
17969,125.2,1,125.2,1,125.2
17975,1171.4400000000005,8,146.43000000000006,52,60914.88000000003
17976,857.5300000000002,9,95.28111111111113,14,12005.420000000002
17978,67.9,2,33.95,31,2104.9
17980,603.9,5,120.78,34,20532.6
17988,307.55,2,153.775,1,307.55
17990,484.0,3,161.33333333333334,8,3872.0
17999,291.97999999999996,3,97.32666666666665,1,291.97999999999996
18004,247.88999999999993,4,61.97249999999998,32,7932.479999999998
18008,142.07999999999998,2,71.03999999999999,1,142.07999999999998
18011,90.88,3,30.293333333333333,15,1363.1999999999998
18016,57.35,2,28.675,33,1892.55
18032,18.25,1,18.25,1,18.25
18037,38.4,3,12.799999999999999,40,1536.0
18041,1424.700000000001,16,89.04375000000006,47,66960.90000000004
18043,710.0,3,236.66666666666666,29,20590.0
18044,20.85,2,10.425,1,20.85
18050,125.30000000000001,2,62.650000000000006,1,125.30000000000001
18055,1633.45,8,204.18125,33,53903.85
18061,304.02,1,304.02,1,304.02
18062,339.6,2,169.8,1,339.6
18065,344.16999999999996,4,86.04249999999999,6,2065.0199999999995
18069,345.74999999999994,6,57.62499999999999,33,11409.749999999998
18071,313.84999999999997,2,156.92499999999998,1,313.84999999999997
18074,191.85,2,95.925,13,2494.0499999999997
18075,278.94,4,69.735,54,15062.76
18077,724.0100000000002,8,90.50125000000003,51,36924.51000000001
18085,427.9,3,142.63333333333333,43,18399.7
18092,2291.53,7,327.3614285714286,39,89369.67000000001
18095,294.3,2,147.15,1,294.3
18097,1267.5600000000004,7,181.08000000000007,30,38026.80000000001
18102,48823.46000000001,5,9764.692000000001,2,97646.92000000001
18106,261.96,2,130.98,32,8382.72
18109,780.1500000000003,10,78.01500000000003,53,41347.95000000002
18116,2148.2300000000005,14,153.44500000000002,51,109559.73000000003
18118,1037.8200000000008,15,69.18800000000006,44,45664.08000000004
18119,312.13999999999993,2,156.06999999999996,1,312.13999999999993
18125,164.95000000000005,5,32.99000000000001,22,3628.900000000001
18136,203.25000000000003,2,101.62500000000001,1,203.25000000000003
18144,822.55,5,164.51,55,45240.25
18156,110.83000000000003,6,18.47166666666667,14,1551.6200000000003
18161,373.2099999999999,2,186.60499999999996,1,373.2099999999999
18168,1341.1799999999998,11,121.92545454545453,16,21458.879999999997
18171,30.0,1,30.0,1,30.0
18176,279.94999999999993,3,93.31666666666665,14,3919.2999999999993
18178,550.3000000000001,2,275.15000000000003,1,550.3000000000001
18179,99.3,2,49.65,1,99.3
18190,161.51000000000002,3,53.83666666666667,5,807.5500000000001
18193,83.4,1,83.4,1,83.4
18198,300.54,2,150.27,1,300.54
18212,153.02,2,76.51,34,5202.68
18219,437.8,4,109.45,47,20576.600000000002
18223,1187.7000000000003,6,197.95000000000005,46,54634.20000000001
18225,30.0,1,30.0,32,960.0
18226,266.2,2,133.1,1,266.2
18229,850.2,4,212.55,44,37408.8
18230,-6.75,1,-6.75,1,-6.75
18239,1318.06,5,263.61199999999997,50,65903.0
18245,578.2900000000002,2,289.1450000000001,14,8096.060000000003
18256,12.259999999999998,1,12.259999999999998,15,183.89999999999998
18259,356.8,2,178.4,1,356.8
18260,366.86999999999995,5,73.374,31,11372.97
18269,9.3,1,9.3,1,9.3
18283,456.14999999999986,7,65.1642857142857,34,15509.099999999995
